ID,Question,A,B,C,D
1,What role do wastewater utilities play in the water sector?,They primarily focus on desalination.,They collect and treat generated wastewater to ensure the effluent can be safely discharged or reused.,They distribute bottled water to homes and industries.,They only monitor water purity in natural bodies of water.
2,What main challenges are facing the water sector due to climate change?,Global trade fluctuations,Regulatory changes,"Lack of research, and new technologies","Extreme weather events, frequent floods or prolonged droughts"
3,What has challenged the traditional perception that water and wastewater services should be free?,Emergence of advanced water recycling technologies.,Government regulations ensuring public utilities remain free.,Public support for sustainable and free services.,Increasing water scarcity and environmental pollution in different parts of the world.
4,What sources of energy are utilities encouraged to purchase for immediate emissions reduction?,Green electricity from solar and wind sources,Electricity generated from natural gas,Biofuels made from agricultural waste,Nuclear energy from distant reactors
5,Which process maximizes the recovery of biogas in wastewater treatment utilities?,Photobiological systems,Heat/ pressure recovery,Process intensification using membranes,Anaerobic digestion coupled with biogas capture and utilization technologies
6,What emerging AD alternative explores new pathways for sludge valorization and resource recovery?,Anaerobic membrane bioreactors (AnMBR),Sludge co-digestion,Thermal hydrolysis,Hydrothermal liquefaction (HTL)
7,What is one common oxidation reaction-oriented processes facilitated by MET (microbial electrochemical technology) systems?,CO2 is converted to CH4.,Electrons from organic waste are transferred for denitrification,Organic compounds are receiving electrons from the electrode,Biodegradable substrates are oxidized to generate electrical current.
8,Why is it important to capture and combust methane during anaerobic digestion?,Methane has applications in industrial cooling,Methane has substantial short-term climate impacts,Methane is more difficult to store than CO2,Methane reduces the efficiency of digestion processes
9,Why is the carbon intensity of modern water systems coupled to the carbon intensity of electricity supply?,Because they use natural gas for water treatment.,Because they distribute electricity to residential areas.,Because they use electric power for various purpose such as pumps and blowers.,Because they generate electricity through solar panels.
10,"What factor could substantially increase the demand for hydrogen as a transportation fuel, heating fuel, or chemical process input?",Increasing electricity prices,Lowering oil prices,Increasing natural gas supplies,Enacting a price on carbon emissions
11,What can accelerate decarbonization alongside technology developments?,Policy incentives,Decreased consumer demand,Greater fossil fuel investments,Fewer emissions regulations
12,Which factor primarily led to the decline of coal power well before decarbonization efforts became prevalent?,Improvements in air quality demanded by society,Constant output of nuclear plants,Increased profits from maintaining coal power,Operational advantages of older coal plants
13,What is the characteristic capital turnover rate for wind turbines and solar photovoltaic (PV) facilities?,30-40 years,50+ years,100 years +,About 20 years
14,What characteristic of lithium-ion batteries primarily enabled their use in small electronics?,Lower production cost,Simpler manufacturing process,Longer shelf life,Much higher energy density
15,What is the primary purpose of the urban water cycle?,Facilitate urban development projects,Promote sustainable agriculture,Enhance biodiversity in water bodies,Provide potable drinking water to society
16,What is a major factor contributing to increased energy use in water networks?,Leaks and issues with infrastructure,Advanced water filtration,Increase in demand,Pump efficiency improvements
17,In what conditions do both ammonia-oxidizing bacteria and nitrite-oxidizing bacteria produce N2O?,Anoxic conditions,Aerobic conditions,Ambient conditions,Anaerobic conditions
18,Which advanced water treatment process is noted for being particularly energy intensive?,Mixing,UV disinfection,Filtration,Desalination
19,Which database is specifically mentioned for obtaining published Emission Factors?,The United Nations Global Emission Repository.,The World Resources Institute Database.,The IPCCs 'Emission Factor Database'.,The International Energy Agency Database.
20,What is one limitation of simple comprehensive process models in wastewater treatment plants?,Restricted to steady-state analysis,Restricted to dynamic-state analysis,Limited by constant variable inputs,Incapable of filtering microorganisms
21,"What additional parameters, besides N2O emissions, can improve models in understanding wastewater treatment processes?",Turbidity and viscosity,Conductivity and settling velocity,Humidity and salinity,pH and temperature
22,Which nutrients are recoverable from wastewater in a WRRF?,Methane,Calcium and magnesium,Nitrogen and phosphorus,Rare metals
23,What is the potential benefit of using Anammox for nitrogen removal in wastewater treatment?,It doubles the nitrogen removal efficiency compared to traditional methods.,It eliminates the need for secondary treatment processes entirely.,"It can yield good BOD removal with low MCRT, allowing for energy optimized WRRFs.",It primarily focuses on reducing the operational costs of wastewater treatment.
24,What is a critical aspect of successful carbon capture above conventional levels in wastewater treatment?,Focusing on advanced tertiary treatment methodologies.,Minimizing the residence time of wastewater in treatment facilities.,Implementing stricter regulatory controls on sludge management.,Good design of the high rate process for optimum sludge production and processing of sludge for energy production.
25,Which factor predominantly contributes to N2O production in short cut N pathways processes?,Nitrite formation,Ammonia oxidation,Biomass decay,Organic degradation
26,Which of the following operational strategies is suggested to reduce fugitive methane emissions in a WRRF?,Returning sludge liquor recycles to the activated sludge process,Increasing sludge storage,Enhancing residual methane production,Intensifying anaerobic conditions
27,What is one reason for high specific energy use in small WRRFs without parallel units?,Under-utilization of the design capacity,Inadequate energy supply systems,Lack of modern technology,Shortage of wastewater influent
28,What factor suggests that novel operational and control strategies are needed for small WRRFs?,Excessive staff requirements,Extended maintenance routines,Frequent equipment failures,High specific energy use
29,What will be an important reason for a need of KPIs comparison across various WRRFs?,To balance the operational costs among facilities,To ensure uniform energy consumption across each facility,To set goals for decarbonization in each facility,To standardize resource quality across various facilities
30,What type of WRRFs in the United States have demonstrated energy-neutral wastewater treatment using sidestream AD?,Industrial WRRFs.,Municipal WRRFs that accept external waste for anaerobic co-digestion.,Small-scale WRRFs focusing on complete waste elimination.,WRRFs that do not utilize biogas production.
31,What is a critical factor for enhancing the economic benefits of ACoD?,Maximizing the yield of each individual substrate,Subsidizing the cost of biogas production,Reduction in the transportation distances and storage costs of co-substrates,Ensuring the isolation of substrates during the process
32,Which operational parameter optimization as a goal for the ACoD process?,Pressure levels,Operational time,Energy consumption,Organic loading rate
33,What is one significant challenge of using biogas combustion in boilers for wastewater facilities?,Short equipment lifespan,High operational costs,Loss of process efficiency due to process limitations,Increased water consumption
34,What is one of the primary bottlenecks for the application of pressure swing adsorption (PSA) for biogas purification?,The high capital costs for the PSA addition,The inefficiency of the PSA process,The unavailability of natural gas pipelines,The difficulty in producing CH4
35,What is described as high value building block chemicals produced as byproducts of anaerobic digestion?,Hydrogen sulfide,Ammonia,Methane gas,Volatile fatty acids
36,Which component of traditional activated sludge treatment systems consumes approximately half of the electricity requirements?,Pumping sludge into digesters,Filtering the effluent water,Providing air to the aeration basin,Heating the sludge for digestion
37,What is a principal characteristic of microbial electrochemical technology (MET) that differentiates it from other environmental technologies?,It can only generate electricity.,It does not support the oxidation of biodegradable substrates.,It exclusively reduces CO2 without producing other compounds.,It allows electrodes to serve as both electron acceptor and donor.
38,How do microbial electrolysis cells (MECs) function differently from microbial fuel cells (MFCs)?,MECs produce H2 and other chemicals while MFCs generate electrical current.,MECs operate with microorganisms while MFCs rely solely on chemical reactions.,MECs function as electron donors only while MFCs act solely as electron acceptors.,MECs oxidize substrates without generating any products while MFCs reduce CO2 directly.
39,Which compound can be produced by autoelectrophic bacteria using acetyl-coenzyme A?,sucrose,ribose,glucose,isobutanol
40,Which type of enzymes do chemotropic microbes possess that play a crucial role in CO2 reduction?,Permanent dehydrogenase enzymes,Reversible hydrogenase enzymes,Stable reductase enzymes,Irreversible oxidase enzymes
41,What key factor can be regulated to enhance H2 production in anodic EF?,pH level,Nitrogen concentration,Temperature,Anode potential
42,What recent technological development has allowed the anaerobic digestion (AD) process to be rewired to promote the production of short chain VFAs and alcohols?,Photobioreactor cultivation,Enzymatic hydrolysis,Catalytic hydrogenation,Arrested methanogenesis
43,What facilitates carbonate precipitation in wastewaters from oil and gas produced water and coal-fired power plants?,Increased levels of silicate exclusively.,"High concentrations of metal cations like Ca2+, Mg2+, Na+, Sr2+, and Ba2+.",Exclusive presence of cation sources from seawater.,"Low concentrations of metal cations like Ca2+, Mg2+, Na+, Sr2+, and Ba2+."
44,What must Water Resource Recovery Facilities (WRRFs) consider managing in addition to mainstream nitrogen?,Ammonia fixation technologies,Processes for carbon capture,Sludges generated from mainstream contexts,Nitrogen generated from waste sludges
45,Which process uses anaerobic treatment as an alternative method due to its specific benefits?,Phosphorus removal.,Toxic metal removal.,Nitrogen removal.,Carbon removal.
46,What is considered a way to use influent carbon more efficiently for nitrogen removal?,Extending the aeration SRTs,Utilizing a step-feed process with multiple anoxic zones,Adding another aerobic zone,Increasing influent COD amount
47,What is a necessary condition for Partial denitrification/ anammox (PdNA) to effectively occur?,Integrated PdNA should be done in the same reactor as the biofilm.,Aerobic ammonia oxidation must occur upstream in a separate zone or reactor.,The SRT of the anammox bacteria should be less than the rest of the mixed liquor.,Partial nitritation should happen downstream in the BNR process.
48,What is a significant challenge associated with implementing partial nitrification with anammox (PNA) in nitrogen removal processes?,high supplemental COD requirement,requirement for high alkalinity,NOB out-selection,incomplete TIN removal
49,What is one of the benefits of shortcut nitrogen removal in wastewater treatment plants?,Increased plant capacity through SRT reduction.,Increased nitrogen levels in discharge.,Higher exogenous carbon costs.,Reduced potential for decarbonization.
50,Which process is argued to immediately benefit mainstream situations where low TN limits are required?,Partial denitrification/ anammox (PdNA),NOB out-selection,complete nitrification,nitrite shunt
51,Which of the following is NOT an example of a stormwater control measure used for managing urban runoff?,Constructed wetlands,Infiltration beds,Retention basins,Industrial waste recycling facilities
52,Which program or initiative is associated with reducing urban runoff and its impact on water quality in the United States?,Sustainable Urban Drainage Systems,Eco-Urbanization Projects,Low Impact Development,Sponge Cities
53,What is one of the drawbacks of implementing on-site primary sludge fermentation in EBPR systems?,potential odors from fermenter,inconsistent nutrient absorption,increased risk of chemical contamination,decreased biological activity
54,What is a primary benefit of employing the Sidestream Enhanced Biological Phosphorus Removal (S2EBPR) process over conventional methods?,Greater reliance on influent carbon loads,Improved P removal and recovery performance without external carbon supplement,Reduced denitrification capability,Increased daily sludge production
55,"Which of the following phosphorus recovery processes is noted for generating less emissions and requiring lower energy demands, but offers lower rates of recovery?",Thermal solubilization of phosphates,Recovery from the liquid phase,Recovery from sludge ash,Chemical recovery through acid attack
56,"Which component in constructed wetlands (CW) systems is crucial for improving nutrient removal performance, particularly phosphorus (P)?",Specialized substrates with conducive physico-chemical properties,Higher operational energy demands,Limited CH4 and N2O emissions,Increased greenhouse gas emissions
57,Which process notably reduces biosolid production and avoids the creation of chemical sludge in wastewater treatment?,EBPR process,Primary treatment,Gravity-based separation,Tertiary treatment
58,What is the primary source of energy for Purple Phototrophic Bacteria growth under phototrophic mode?,Oxidative phosphorylation,Degradation of organic compounds,Light energy (solar radiation),Absorption of oxygen
59,Which metabolic pathway is employed by Purple Phototrophic Bacteria for carbon fixation via CO2?,Embden-Meyerhof pathway,Tricarboxylic acid cycle,Pentose phosphate route,Calvin-Benson-Bassham cycle
60,What feature of the photobioreactor configuration contributes to the higher treatment capacities during the central hours of the day?,Higher algae biomass production in aerobic conditions.,Moderate environmental loading rates.,The use of multiple channels in the configuration.,Sunlight strikes perpendicularly to the cultivation surface.
61,Which configurations are documented for the continuous treatment of wastewater in photobioreactors?,Vertical and horizontal systems,Radial and axial systems,Cylindrical and conical systems,Spiral and cascade systems
62,From which type of substrates can biogas be generated due to the versatility of anaerobic digestion?,Only primary and secondary sludge from WWT plants.,"Agricultural residues, animal manure, energy crops, micro and microalgae, and even PPB.",Inorganic waste materials and metals.,Petroleum and synthetic organic compounds.
63,What is one of the main advantages of using enzymatic methods for cell lysis?,They generate high amounts of inhibitory by-products.,They perform cell lysis under high pressure conditions.,They perform cell lysis without generating inhibitory side-products.,They require a high energy demand.
64,Why is anaerobic digestion recommended only when alternative Purple Phototrophic Bacteria (PPB) valorization strategies are not feasible?,Due to rapid depletion of biomass,Due to high emissions of greenhouse gases,Due to insufficient waste water supply,Due to relatively low economic profits from biogas and low digestibility of PPB
65,What operational strategy was validated under semi-industrial scale to ensure consistent biomethane quality?,Optimization of the L/G ratio,Altering the photobioreactor illumination,Adjustment of the scrubbing liquid pH,Regulating the CO2 injector settings
66,How do recovered energy and nutrients from sludge benefit utilities?,They help utilities avoid government penalties,They generate revenue and contribute to carbon emission reductions,They reduce the cost of water supply treatment,They minimize the need for backup power systems
67,What is a notable ecological benefit of AD in biosolids management?,Eliminates the need for sludge processing,Consumes all residual biogas,High extraction efficiency of organic energy,Reduces nitrogen emissions completely
68,What is a key disadvantage of using raw process water from Hydrothermal Liquefaction (HTL)  technology?,It is highly corrosive to equipment.,It lacks essential nutrients.,It has a high concentration of toxic compounds.,It is too dilute for effective use.
69,What process is essential when applying biosolids to brownfields to maximize organic content and minimize potential nitrate loss?,Balancing the carbon to nitrogen ratio,Monitoring soil pH levels,Adding synthetic fertilizers regularly,Ensuring adequate sunlight exposure
70,What is one significant limitation of most conventional wastewater treatment operations regarding emerging contaminants (ECs)?,Produced high sludge volume with no ECs.,Removed all hormones and antibiotics efficiently.,Transformed ECs into non-toxic substances.,Limited capability to entirely remove emerging contaminants.
71,Which method is primarily used to address multiple and often conflicting criteria in sustainable sludge management?,LCA and LCCA analysis combination,Multicriteria decision-making (MCDM) method,Techno-economic analysis (TEA),"Strengths, weaknesses, opportunities, threats (SWOT) analysis"
72,What must be included in a detailed analysis of essential components for municipal sludge disposal?,"Economic, public, and operational aspects only",Technical and public aspects only,Local and operational aspects only,"Regulatory, local, public, economic, operational, and technical aspects"
73,What disadvantage is associated with conventional activated sludge (CAS) treatment in wastewater treatment plants?,"It utilizes an excessively large footprint, causing land use issues.",It is extremely expensive and has high operation costs.,It cannot handle a wide range of molecular weights in wastewater.,It poorly removes emerging micro-pollutants in wastewater.
74,Which species of bacteria has been reported to create favorable conditions for the growth of Chlorella vulgaris in algae-sludge MBR systems?,Escherichia coli,Staphylococcus aureus,Clostridium perfringens,Bacillus licheniformis
75,What primary benefit does mainstream anaerobic treatment provide in comparison to aerobic systems?,It requires less aeration equipment.,It reduces methane production.,It eliminates aeration for biomass.,It decreases anaerobic decomposition.
76,What aspect of Membrane Biofilm Reactors (MBfRs) contributes to its sustainability in water treatment?,Incorporates heavy metals to enhance microbial activity.,Exploits natural sunlight for microbial growth.,Limits the release of volatile organic compounds (VOCs) from the bioreactors.,Uses non-biodegradable chemicals to treat wastewater.
77,What is the role of aeration in the hybrid forward osmosis membrane bioreactor membrane distillation (FOMBR-MD) system?,It carries nonvolatile substances out of the solution.,It increases the pressure within the bioreactor.,It supplies oxygen to the biomass and scours the FO membrane.,It decreases the salinity of the feed solution.
78,What is necessary for efficient and economical osmotic power generation during high-pressure operation in Pressure retarded osmosis (PRO) systems?,A support layer with high mechanical strength,A membrane with high surface roughness,A membrane with low porosity,A support layer with high thermal conductivity
79,Why is membrane distillation (MD) particularly preferred when solar energy and waste heat are available?,MD operates efficiently without any thermal energy input.,MD requires high-pressure pumps to push water through membranes.,MD can utilize waste heat and solar energy as thermal energy for desalination.,MD depends on chemical additives to separate salts from water.
80,What benefit does biochar provide when used as a soil additive?,Increases water and nutrient capacity of the soil,Increases pest resistance of plants,Promotes faster root growth,Reduces soil alkalinity
81,What are the major benefits of Natural Treatment Systems (NTS) over conventional treatment infrastructure?,NTS require high capital and operational investment.,"NTS systems are simpler, more cost-effective, efficient, and reliable.",NTS are only effective in urban and industrial areas.,NTS are highly dependent on specialized equipment and skilled workers.
82,What role does highly porous activated carbon play in the biological filtration process for stormwater treatment?,Increasing the salinity of the water,Promoting the growth of pathogenic bacteria,Removing organic compounds and low concentrations of heavy metals,Reducing the pH of the water
83,How do microorganisms contribute to the biofiltration process?,By reducing the turbidity of the water,By forming biofilms on the media and consuming or sequestering contaminants,By increasing the temperature of the water,By converting contaminants into oxygen
84,What is one method that most water utilities use to reduce their carbon footprints?,Electrifying pumping and other operations with solar power and battery storage,Using coal-powered generators,Relying solely on hydroelectric power,Expanding natural gas pipelines
85,What potential advantage does microalgal cultivation have compared to terrestrial plants in wastewater treatment?,Accelerated rate of operation,Better soil compatibility,Lower maintenance cost,More aesthetic appeal
86,What is the purpose of using small-scale distributed water treatment facilities and wastewater treatment plants in conjunction with the One-Water concept?,They manage emergent pollutants purely based on seasonal variations.,They continuously monitor the state of the system to improve water quality and conserve water.,They selectively target specific pollutants for removal.,They are used mainly for aesthetic improvements to wastewater systems.
87,What is the primary role of hydrogenotrophic methanogens in anaerobic digestion?,Degrade organic matter in the presence of free oxygen.,Produce H2 through the breakdown of CO2 and CH4.,Convert CO2 to CH4 by utilizing H2 produced by acetogenesis.,Support acetoclastic methanogens in methane production.
88,Which pathways determine methane (CH4) production in anaerobic digestion?,Acetoclastic methanogenesis only,Hydrogenotropic methanogensis only,Acetoclastic and hydrogenotrophic methanogensis,Acetogenesis
89,Which microorganism type is primarily involved in the anaerobic conversion of organic substrates for methane production?,Methylotrophs,Methanogens,Purple sulfur bacteria,Acetogens
90,"Compared to anaerobic methanogenesis, how does electromethanogenesis benefit system stability?",By eliminating the need for methane production regionally,By reducing the need for electrosynthetic microorganisms,By producing hydrogen directly from CO2,By having more diverse carbon conversion routes due to electrochemical processes
91,Which method is commonly used to mechanically break the cell wall in pretreatment processes of anaerobic digestion?,The ultrasonic technique,Biological fermentation,Physical agitation,Electrochemical oxidation
92,What critical role do hydrogenotrophic methanogens play in anaerobic digestion of waste activated sludge?,Producing organic acids from glucose,Acting as the primary fermentative species,Oxidizing NADH into NAD+,Utilizing H2 as an electron donor and CO2 as an electron acceptor
93,What role do microbial communities with the ability of extracellular electron transfer play in electrochemically enhanced AD reactors?,They degrade carbon directly without intermediates,They replace the function of fermentative bacteria and methanogens,They inhibit the process of methanogenesis entirely,They act as a bridge connection to fermentative bacteria and methanogens
94,Why are heat pumps more efficient than combustion-based heating systems?,They convert mechanical energy directly into heat.,They transfer thermal energy from a source to a sink.,They use solar panels for energy.,They generate heat from a primary energy source.
95,Why are heat pump-based systems preferred over electrical resistance heating?,They are less efficient in heat production,They reduce the burden of electrical energy consumption,They are less expensive to install,They reduce the need for district heating
96,How does wastewater temperature change as it travels longer distances within the sewer?,It becomes significantly colder than the ambient winter air temperature.,It cools down to match the outdoor air temperature.,It heats up due to increased friction.,It approaches the ground temperature of the surrounding soil.
97,What viable means can be used to reduce indoor heating-related emissions?,Focusing on individual building insulation improvements only,Relying solely on renewable electricity,Incorporating low-grade thermal energy sources into connected systems,Utilizing high-grade energy sources exclusively
98,How can partnering with the local wastewater utility benefit a thermal energy from wastewater project?,Expand project scope,Generate cost-sharing opportunities,Increase bureaucratic delays,Extend projected timelines
99,What must be considered to address regulatory barriers in implementing modern heating systems such as district energy system (DES) and district heating (DH)?,"Understanding and, if necessary, addressing technical and governance issues",Building new infrastructure and partnering with international companies,Acquiring more funding,Increasing public awareness
100,What are the primary factors to consider in the business models for thermal energy from wastewater systems?,"Marketing strategies, operational costs, and customer satisfaction","Innovation, technological advancements, and research development","Financing, partnering requirements, and authority to bill customers","Efficiency, renewable energy sources, and public partnership programs"
101,What external electron donor is commonly applied to support denitrification in wastewater treatment?,Propane,Ethanol,Methanol,Hydrogen
102,Which process is used to disinfect the secondary effluent and is also effective for destroying trace levels of emerging contaminants?,reverse osmosis,UV radiation,chlorination,ozonation
103,What recent technological advancements have intensified data-driven modeling in water treatment systems?,The decrease in the expense of data collection and storage.,The expansion of advanced models.,The development of advanced microbial testing methods.,The increase in the availability of chemical sensors.
104,"What sampling method is described as providing analysis results that are independent of flow and represent a time-weighted, arithmetic average?",In-line sampling,Flow-composite sampling,Event-based sampling,Time-composite sampling
105,"Which type of sample provides analysis results representative of an event-weighted, arithmetic average dependent on flow?",In-line sensors,Flow-composite,Time-composite,Time-weighted sampling
106,What aspect proves challenging with traditional modeling approaches in water treatment distribution systems?,Maintaining accurate records of maintenance and operational costs in the systems,Regularly conducting preventative maintenance,Identifying optimal pumping schedules due to the non-linear nature and multiple constraints of the systems,Ensuring continuous flow rates without considering economic implications
107,What is primarily used to maintain chemical concentration per unit volume of water in a full-scale WTP?,Flow-paced chemical dosing,Static chemical dosing,Dynamic chemical dosing,Reactive chemical dosing
108,Why is aqueous oxygen available as free oxygen (O2) critical in activated sludge systems?,It enhances the ion transfer process in the system.,It suppresses biofilm growth on instruments in the system.,"It indicates aerobic conditions, which determine the active microorganisms.",It reacts with sulfur to avoid accumulation of detrimental conditions.
109,What is the primary consequence of increasing DO setpoints in SBRs to fully oxidize chemical contaminants?,Increased labor costs,Increased energy consumption,Decreased water quality,Decreased microbial activity
110,Why are prices in the water sector often kept lower than the true cost of water?,For reasons of social equity or economic development.,To comply with international standards.,To promote water conservation.,To compete with private water providers.
111,Which resource from water resource recovery facilities can replace limited sources of phosphate fertilizers?,Recoverable nutrients,Electricity,Vast sources of recoverable heat,Organic carbon resources
112,What potential use does recoverable heat from water resource recovery facilities have beyond the perimeter of a treatment plant?,District heating,Commodity chemical production,Electricity generation,Food processing
113,What process is primarily used to recover biogas from sewage sludge?,Aerobic decomposition,Filtration,Anaerobic digestion,Combustion
114,Which type of pollutants were initially overlooked by wastewater treatment policies before being recognized as a threat?,Personal care products and pharmaceuticals,Microbial agents and fungi spores,Asphalt residues and crushed plastics,Industrial adhesives and sealants
115,What is one of the main challenges with the current water sector policies?,Policies exclude water efficiency projects.,Policies focus exclusively on protecting human health without considering the environment.,Policies are a complex web of sometimes contradictory regulations.,Policies are unanimous and consistent at all government levels.
116,Why do efforts to improve public and environmental health in the water sector sometimes negatively impact climate?,They completely neglect the use of renewable energy sources.,They increase energy and chemical use or emissions like N2O.,They rely exclusively on outdated machinery and techniques.,They prioritize public health over private investments.
117,What practical advantage is provided by reducing reliance on outside supplies for critical resources?,Eliminates the need for technological advancements,Increased ability to manage and control operating costs under variable economic conditions,Reduces the number of required employees,Ensures compliance with international regulations
118,What is a key benefit of recovering products valued by customers in the water sector?,"Eliminates all residual waste streams, bypassing disposal requirements",It provides revenue that partially offsets costs and assures management options,Ensures complete financial independence from government subsidies,Guarantees global dominance of water utilities in commodity markets
119,What is the role of regulations in the progression of water sector functions?,Preventing the establishment of new functions,Solely driving the success of water sector utilities,Promoting reliable service provision when consistently enforced,Obstructing the implementation of innovative solutions
120,What is one example of a current product extracted from the used water stream that can produce energy without fossil fuels?,Phosphorus,Nitrogen,Struvite,Biogas
121,What complicates the accurate pricing of water as a human consumption resource?,Water being controlled by private entities complicates its distribution.,Water being a human right complicates its price rarely reflecting the true cost.,Water being a luxury item complicates its affordability.,Water price usually fluctuates a lot
122,Which paradigms are being increasingly adopted by leaders in the water profession?,One Water and resource recovery paradigms,Water reuse and groundwater replenishment paradigms,Traditional water supply and socio-economic adjustment paradigms,Decarbonization and surface water paradigms
123,What is the general expectation for adaptation in the water sector given the pace of global changes?,Adaptations must be more proactive than in the past,Adaptations must emphasize traditional methods exclusively,Adaptations should focus only on retroactive responses,Adaptations should only consider historical trends
124,What lessons can urban water management learn from mass transit systems about reducing per capita GHG emissions?,Delayed upgrades follow reduced incentive alignment.,Dominance reduces alternative innovation potentials.,A skewed source diversity challenges emissions spread.,Reduction in per capita emissions is made possible by use.
125,What is a key focus for mitigating climate change within the urban wastewater sector?,Redirect wastewater processing to alternative decentral systems.,Implement modernized and fully automated treatment mechanisms.,"Quantify, model, and mitigate GHG emissions from urban systems.",Upgrade infrastructure to cope with increasing operational loads.
126,Which biogenic gases are specifically addressed as Scope 1 emissions in urban wastewater systems?,Nitrous oxide and methane,Carbon dioxide and ozone,Carbon monoxide and hydrogen sulfide,Ammonia and hydrogen
127,What is a notable reason for the environmental concern regarding N2O?,It intensifies degradation of fertile soil layers,It shows resistance to dissolving in liquid environments,Its large contribution to carbon emissions,It cannot naturally degrade over time
128,Why is the urban wastewater system engineered to decouple the human-used water and natural water environments?,To reduce declines in biodiversity and natural habitats,To ensure treated water is discharge safe,To fully guard natural waters against contaminates,To make water accessible for industrial facilities
129,What is the role of anaerobic digestion (AD) in methane generation in wastewater systems?,Separates the solid components from wastewater by processing.,Ensures increased oxygen levels in wastewater treatment systems.,"Decomposes organic materials anaerobically, producing methane and other gases.",Transforms atmospheric methane into the form of biogas emitters.
130,What is essential for GHG monitoring campaigns in terms of CH4 emissions?,Influent datasets comprehensively centralize component data.,Expanding sewer networks bolsters detection subcategories function.,Tracking emissions at fugitive levels yields critical results.,Prioritizing nitrous oxide prioritization aligns analyses.
131,What is a significant reason for the inefficiency in the last step of the denitrification process?,A majority of microorganisms lack N2O reduction capability to N2.,The intermediate compounds become entirely inert at this stage.,Temperature decreases negatively impact the reactions involved.,Oxygen absence completely hinders subsequent chemical reactions.
132,What is a condition under which abiotic N2O production becomes significant?,Less oxygen availability favors production through abiotic ways.,The presence of natural organic compounds enhances emission.,A reduced nitrogen loading rate alters the process outcomes.,An increased concentration of NO2- and NH2OH substrates.
133,What is the primary observed result when NH4+ is introduced under specific experimental conditions involving Nitrosomonas europaea?,NH4+ adjustments lead to independent NO rebound occurrences.,A rapid metabolic cessation resulting across aerobic intervals.,No emissions of nitrogen oxides are detectable overall tests.,A noted increase of N2O released during oxygen level changes.
134,Which abiotic reaction involving Fe3+ contributes to N2O production?,Reducing nitrate ions into lower states using Fe3 types.,Oxidation reactions with NH2OH catalyzed by Fe3+ molecules.,Oxidizing nitrite ions with active states involving NH2OH.,Reducing NH2OH by engaging with Fe3 converted reagents.
135,What internal carbon source is known to be stored by denitrifiers during conditions of insufficient external organic carbon?,Methane as a carbon-rich gaseous entity,Lipoids in metabolic growth activities,Peptidoglycans as structural cellular elements,Polyhydroxyalkanoates for endogenous respiration purposes
136,What copper center in NoS is responsible for accepting electrons from water-soluble electron donors?,"CuZ, identified as a quad-nucleated copper center.","ZnA, noted as a mono-nuclear zinc center.","FeS, defined as an iron-sulfur active center.","CuA, described as a binuclear copper center."
137,What component was found inhibitory to N2O reduction?,"O3, having ozone properties, is not significant.","Cl2, described as chloride gas, not relevant here.","CH4, a form of methane, lacks such inhibition.","H2S, known as hydrogen sulfide and inhibitory here."
138,What percentage of near-term climate warming is attributed to methane according to 2006 IPCC data?,Captured tenth broadly equivalent comparisons noted,Sharing levels almost three-quarters potent indeed,Contributing up to an approximate one-third findings,Responsible to about two-thirds entirely roughly estimate
139,What is the relationship between sulfide hotspots and methane concentrations?,Sulfide-rich zones indicate heightened concentration of methane gas.,Methane dynamics connect only with sulfides not liquid conditions here.,Methane shows decreasing levels near sulfide-abundant geographic zones.,Sulfide-abundant locations do not correspond with methane trends.
140,What process is primarily responsible for methane generation in anaerobic wastewater treatment?,Methanogenesis produces methane in the treatment process,Hydrolysis breaks down complex polymers into monomers,Digestion processes degrade biomaterials into simpler forms,Acetogenesis synthesizes acetate under anaerobic conditions
141,What is considered one of the biggest challenges for widespread utilization of anaerobic wastewater treatment?,Retrieving nutrients as challenges affecting wastewater plants.,Absence of established techniques for sludge stabilization.,"Managing dissolved methane emissions, reducing GHG release.",Scarcity of required resources for support of these systems.
142,Methane emissions from sludge-drying lagoons contribute what proportion of total plant GHG emissions in investigated WWTPs?,Higher unreality range source reports state around 70-90%.,Estimated 24-65% contribution to overall facility emissions.,Moderately lower total around assessed 15-35% maximum case.,Around 10-20% considered plausible estimate plant records.
143,What is a commonly practiced method for sludge stabilization in wastewater treatment plants?,Aerobic sedimentation for consistent sludge management,Activated sludge processing for overall treatment goals,Anaerobic digestion for achieving sludge stabilization,Chemical processing of sludge to treat influent waste
144,What process is identified as a substantial methane emission source in wastewater treatment plants?,Anaerobic sludge drying in wastewater treatment,Biogas desulfurization procedures conducted in WWTPs,Wet oxidation conducted for handling combustible sludge,Enhancing effluent quality through ultrafiltration methods
145,What temperature increase limit does the Paris Agreement seek to achieve?,Establishing limits of 1.5-degree increments per each decade,Reducing the temperatures to pre-industrial ambient conditions,Preventing a rise that permits a 3-degree overall increment,A global temperature increase below the level of 2 degrees
146,"Under the GHG Protocol's categorization, what defines Scope 1 emissions?",Emission sources outside owned operational purview.,Tracked emissions from energy acquisition indirectly.,Combined direct and indirect emission sources overall.,Direct emissions by sources managed or owned directly.
147,Why may the CO2 produced during biological wastewater treatment not require inclusion in certain reports?,Minimal impact industrial scales undergo from sources.,Guidelines exclude nonbiogenic sources from computations.,Policy omits calculations of human source emissions.,It qualifies as biogenic emissions not reportable therein.
148,Why might methane emissions be inadvertently released from water treatment facilities?,Excessive nitrogen utilization causes aberrant secondary effects.,Faulty recording of activity data measurements affects results.,Leaks present in tank or pipe installations lead to releases.,Mismanagement of operational temperature monitoring causes failures.
149,What type of climate zone correlates with higher N2O emissions?,Polar terrains with extreme seasonal freezing,Arid zones with low aquatic microbial presence,Tropical regions with increased bacterial activities,Coastal zones with Mediterranean influences
150,What is the method advocated by the IPCC Guidelines for determining asset-specific emissions factors (EFs)?,Measurement based on direct site-level monitoring data,Evaluation based on historical process performance data,Analysis using existing country-specific parameter data,Calculation using theoretical global average nitrogen loads
151,What major challenge is presented in creating country-specific emissions factors (EFs) according to the guidelines?,Improving computational resources for global analyses,Establishing clear nitrogen-based conversion standards,Managing variability in WWTP processes and emissions,Increasing nitrogen load data collection quality rates
152,What is the primary greenhouse gas produced in sewer systems?,H2S,Methane,CO2,O3
153,What type of sewer configuration predominantly has anaerobic conditions?,Sewers that are filled under pressure maintaining devoid oxygen areas,Fully independent parallel types might exhibit various oxygen features,Gravity sewers typically comprise aeration spots where oxygen enters,Sewer systems combining gravity and pressure maintain mixed atmospheres
154,What is a primary challenge in sampling dissolved CH4 from rising main sewers?,Managing geographical regions for optimized sample distribution,Avoiding sample contamination by exposure to atmospheric oxygen,Ensuring slow movement during the entire sampling procedures,Reducing user reliance in operational processes and sampling
155,How is the surface emission rate determined in closed flux chambers?,Calculating absorption effects for effective emission measurement data,Tracking variations in gas molecular motions under desired conditions,Surveying the flux of gases near boundaries using specialized detection,Measured by noting changes in gas concentration over given time spans
156,What operational factor should guide the placement of floating hoods?,Specifically considering reactor design and known gradients.,Matching average liquid inflow and operational heights.,Positioning near outputs or vented emission areas.,Aligning with consistent module-based system designs.
157,What assumption is critical during preliminary GHG assessment?,Sampling processes mandate continuous year-wide applications.,Exclusion from calculated KLa evaluates emission only conditions.,Considers ready standardized output emission rates directly below.,Simple grab sampling indicates a magnitude approximation well.
158,How can spatial variability in WWTP emissions be addressed effectively?,Implement varied local comprehensive sampling protocols,Avoid investigation regions sharing equal observations,Focus solely on nitrification process,Assume consistent emissions through entire operations
159,Which operational factors can trigger elevated N2O emissions in wastewater treatment plants?,High NH4+ and poor aeration control,De-aeration planned with CO2 air mix,Stable NH4+ and stretched aeration intervals,Low NH3 rates with over-aeration
160,What is the primary cause for the variability of N2O emissions in biological processes at WWTPs?,Fluctuating local climate and weather conditions,Varying biological processes and operational conditions in systems,Infrastructure age of treated water facilities,Varying local policies
161,What factor is NOT highlighted as impacting the N2O emissions variability in BNR processes?,Chemicals applied for cleaning processes in WWTP operations,Daily diurnal emission pattern variations during monitoring phases,Shifts or changes in biological processing activities observed,Infrastructure design and functioning operational configurations noted
162,Which pathway is associated with N2O emissions when NO2? and NH4+ coexist under O2-limiting conditions in aerobic compartments?,Trigger mechanism is the NH2OH oxidation pathway,Trigger mechanism is the nitrifier denitrification pathway,Reaction occurring is ammonia oxidation pathway,Involved process is heterotrophic denitrification pathway
163,What is one primary contributor to CH4 emissions from WWTPs with anaerobic sludge handling processes?,Grit Tanks,Sludge Processing,Aeration Tank,Pressurized Mains
164,What is the main CH4 emission source in WWTPs without anaerobic sludge treatment?,Bar screen,Equalization tanks,Facility office,Aeration tanks and headworks
165,What is critical for achieving complete denitrification during the mitigation of N2O emissions?,Reducing influent COD,Higher solid concentration,Exclusive use of anaerobic digestion.,Using enough COD as denitrification donor.
166,What significance does modelling have for biological nitrogen removal processes?,Replaces biology with chemical methods.,Refines and optimizes removal processing.,Generalizes all kinds of emission models.,Alters removal mechanisms.
167,Which of the following is true about the calibration of N2O modelling?,Assumes no variation in results universally.,Validated using different scale capacities available.,Utilizes hypothetical projection methods only.,Relying on lab-scale testing during model validation.
168,What experimental approach is modeled using the concept of electron carriers in denitrification?,Single-step nitrite reduction in denitrification,Limitation of carbon use in denitrification,Measuring N2O buildup using oxygen limitation,Differential electron use in four reduction stages
169,What is the primary factor contributing to the modeled electron competition in multi-resistor electric circuits?,Suspension temperature determines resistances,Saturation of oxygen has major implications,Resistance depends on concentrations of substrates,Carbon in excess modifies reduction pathways
170,What are free ammonia and free nitrous acid considered as in the nitrification process?,Oxygen substitutes these in processes involving ammonia-oxidizing steps.,"They serve as substrates in nitritation and denitritation, respectively.",They are products of denitrification by primarily heterotrophic activity.,They are catalysts active in reactions reducing nitric oxides primarily.
171,"In biofilm systems, where do substrates encounter initial resistance during diffusion?",The resistance establishes broadly across microbe layers.,Spaces between varied materials influence transportation.,Diffusion resistance occurs firstly at liquid boundaries.,Central biofilm sections present initial particle limiting.
172,What component adjustment affected the hydraulic retention time prediction in gas hold-up models?,Adjusting volumetric oxygen transfer coefficients,Monitoring ammonium concentration efficiency changes,Evaluating nitrogen load effects retention changes,Analyzing contribution of nitrite nitrogen levels
173,Which development has been undertaken in the field of methane modeling for sewers in recent years?,Unique methane modeling pathways within desert conditions enabled.,Processes creating hydrogen through methane introduction models.,Methane cases connected with aquatic vegetations modeling efforts.,Model inclusion for methane oxidation under aerobic conditions.
174,"In the sewer CH4 model, how are the biofilm-catalyzed processes represented?",Unrefined equations describing bulk activities alongside methane.,Trial process utilizing simplistic microbial activity modeling.,Non-mathematical assessment frameworks evaluating qualitative work.,Kinetic models considering substrate saturation within systems.
175,What is represented by glucose in Anaerobic Digestion Model No. 1 (ADM1)?,Glucose signifies the fermentable substrates utilized in biochemical reactions.,Glucose is utilized directly by methanogens for the energy production process.,Glucose serves as an electron donor specifically in sulfate reduction processes.,Glucose represents non-fermentable organic materials found within the sewage.
176,Why is propionate considered only as an electron donor for sulfate reduction?,Because propionate significantly contributes to sulfur dioxide emissions at microbes.,Because utilization of propionate by methanogens is not feasible in sewage.,Because the concentration of propionate in sewage systems is significantly high.,Because fermentative microbes fully consume all available propionate.
177,Which input data is generally NOT required for calibrating sewer models?,"Physical properties of sewer pipeline like size, slope, and length","Hydraulic information like flow rates, velocities, and depths",Navigational data for sewer pipeline grid locations,Environmental data like temperature
178,Which factor is key in approximating the liquid-gas transfer rate for methane stripping?,Model uses gas-phase mole fraction and pressure variations.,Reactor's retention times are factored into the model dynamics.,Calculated coefficients for anaerobic activity adjustment are used.,Ammonium stimulation is selectively considered for model formulation.
179,What does the reaction kinetics in ADM1 consider for substrate uptake rates?,Exclusive hydrogenic concentrations determine uptake completely.,Selective ammonium changes dynamically alter the uptake features.,Methane efficiency rates strictly determine all uptake velocities.,A function dependent on growing biomass concentration is assumed.
180,What major greenhouse gas has a significant impact on GHG emissions due to its 300-fold stronger greenhouse effect compared to CO2?,"Nitrous oxide (N2O), a potent greenhouse gas","Methane (CH4), a moderate greenhouse contributor","Ozone (O3), a lesser greenhouse gas variant","Nitrogen dioxide (NO2), not primarily impactful"
181,What has historically been the prime focus in the evaluation of WWTP operations?,Considering GHG reductions alongside operations,Maximizing throughput with cutting-edge methodologies,Ensuring quality water with feasible technicalities,Minimizing biological risks within treatment processes
182,Which gases does the liquid-gas phase transfer particularly consider within the activated sludge model?,Helium-enriched oxides and radiative emissions,Water-based nitrogen dioxide and sulfur dioxide,Carbonated methane and oxygen nitrides respectively,"Hydrogen monoxide, nitrogen and nitrous oxide"
183,How are GHG emissions from direct secondary treatment primarily generated?,GHG generation is specific to methane flaring procedures.,These emissions include CO2 respiration and N2O production.,Emissions are mainly composed of unburned methane through processing.,Main emissions are CH4 and some Carbon monoxide gases.
184,What process is mainly responsible for emissions during sludge processing?,Methanol usage impacts denitrification as the primary process.,Post digestion with combustion outputs major gas emissions.,Sludge dehydration emits considerable levels of N2O heavily.,Anaerobic digestion produces emissions of CO2 and CH4 overall.
185,What are the implications of improving TSS clarifier efficiency with chemical additions?,Balances GHG anthropogenic continentally independent zones,Enables higher sludge retention reducing filtrate byproducts,Requires strategies programming for nitration compensations,Provides slightly stabilized quality for effluent regions maintained
186,What is the main drawback of operating a plant at low DO concentrations when considering GHG impact?,Higher N2O levels contribute extensively to total emissions.,Aeration demands elevate CO2 outputs by energy increments.,Denitrification rates counterbalance observed CO2 reductions made.,Cost-effectiveness in operations diminishes energy performance.
187,How does the hybrid modeling approach between knowledge-based AI and N2O mechanistic models benefit emission analysis?,Reduction of dependencies on DO parameters during assessment,It enables prediction and applies strategies to mitigate emissions,Enhancement of natural denitrification occurring within aquifers,Automation implementation to reduce reactor maintenance workload
188,What is essential for developing reliable process-based nitrous oxide emission factors in wastewater treatment?,Extended observation campaigns spanning at least one year.,High-energy solutions preferentially enhance outputs detected.,Offline analysis with compact comprehensive equipment.,Utilizing dynamic models refined under all parameters.
189,What combination of approaches can provide dual insights into N2O emissions and prediction in treatment processes?,Utilizing regression modules under new simulations.,Discrete kinetics calibrated bypassing traditional setups.,Data-driven modeling with molecular dynamics simulation,Coupled CFD analysis and mechanistic modeling methods.
190,What alternative do data-driven models provide in studying N2O processes?,Directly implementing strategies to cut emissions comprehensively onsite.,Configuring system setups to bypass existing updates and limitations.,As embedded tools in strategies balancing multiple criteria in control.,Adjusting chemical content based on hardware for steady changes overall.
191,What is one of the purposes of integrating data-driven methods in wastewater management?,To avoid the adaptation of operational process conditions.,To minimize the overall computational resources required.,To phase out conventional mechanistic simulation techniques.,To identify chances for N2O emissions monitoring and control.
192,What challenge do traditional water utility operations face with AI implementation?,Established simulation methods are no longer functional today.,Implementation is restricted due to legal constraints imposed.,Departments seldom share and unify their analytical processes.,Application frameworks lack complete support for AI systems.
193,What functionality do user-friendly dashboards provide in wastewater management?,To expand variables computed for geometry visualisation tasks.,To identify risks and boost the system's performance levels.,To achieve comprehensive predictions through advanced modeling.,To avoid adopting integrated approaches like SCADA systems.
194,What is a main challenge in accurately modeling the N2O emissions in urban wastewater systems?,The unavailability of methane-related estimation procedures.,Systemic dynamics involving multiple complex generation pathways.,The emission prediction challenges for organic digestion.,Unawareness about pollution due to outdated methodologies.
195,What is considered the limitation of using the IPCC Tier 1 methodology for N2O quantification?,General factors do not reflect specific system conditions.,This method predicts methane emissions inaccurately.,Methodology is constrained by anaerobic categorization.,Temperature adjustments do not influence calculations.
196,What is a critical factor for effective GHG quantification methods in wastewater treatment plants?,Relying solely on real-time grab-based sampling strategies.,Using short-term campaigns for capturing comprehensive patterns.,Implementing in-depth and carefully planned long-term campaigns.,Disregarding seasonal variation in the emission measurements.
197,Why are long-term studies required in GHG quantification in sewer systems?,To reduce reliance on advanced artificial intelligence tools.,As short-term results are sufficient for accurate assessments.,For focusing primarily on non-representative emissions data.,To extensively cover seasonal and operational fluctuations.
198,How might AI-guided monitoring strategies benefit GHG quantification?,Removing the necessity for computational modeling support.,Concentrating entirely on observational data system metrics.,Exclusively employing non-digital flux-based chambers.,Reducing time required for comprehensive emissions modeling.
199,What is the significance of soft sensor development in monitoring systems?,They estimate values of variables indirectly through methods.,Sensors integrate organic nitrogen collection functionalities fully.,These provide accurate real-time sludge measurements directly.,Unified standards for enhanced variable calibration strategies.
200,Why is it challenging to generalize N2O mitigation strategies from one plant to another?,Profiles of aeration cannot be comparatively aligned entirely.,Inherent chemistries of Nitrogen Oxide remain mostly under-discovered.,Fundamental differences among nutrient cycles dominate processes.,"Configurations and processes vary, influencing systems distinctly."
